Angelica Vargas,195 Emily Overpass Apt. 304
New Daniel, OH 73672,86424,Harris, Waters and Herrera,Ship broker,799.805.4214x4313,richardsbrianna@example.net,katie49,192.168.150.227,208.116.122.133,Programmable mission-critical neural-net,LightSeaGreen
Jacob Palmer,958 Greene Street Suite 757
Lake Debra, NV 26630,28163,Sutton-Bruce,Multimedia programmer,+1-416-362-6644x071,brianchandler@example.org,phillipmeadows,10.31.63.135,64.152.34.65,Cross-platform transitional benchmark,Black
Maurice Johnson,39051 Jones Tunnel Apt. 829
New Crystal, PA 33694,20461,Friedman-Campbell,Special educational needs teacher,7554910734,cherylporter@example.net,henryandrews,192.168.40.56,67.241.14.122,Assimilated optimizing structure,LightSkyBlue
Victoria Johnson,1076 Arias Streets Apt. 514
South Christopher, IA 46195,82863,Frazier, Dixon and Nichols,Orthoptist,517-892-9888x69641,krichard@example.com,zjohnson,172.25.42.243,130.18.224.188,Triple-buffered foreground encryption,LightSteelBlue
Mr. Shane Parker,882 Fowler Knolls
East Donnamouth, VT 07545,75666,Ashley-Bennett,Clinical cytogeneticist,+1-735-867-0415x113,jaime06@example.com,cookamber,192.168.194.118,161.49.220.195,Digitized 24hour orchestration,BurlyWood
William Robinson,10493 Jennifer Walks
Brianstad, PR 24399,76822,Mejia, Flores and Owens,Merchandiser, retail,(303)271-5621x27872,longteresa@example.com,xwatson,10.146.222.186,162.255.75.99,Quality-focused executive orchestration,DeepPink
Susan Williams,2583 Stephanie Via Suite 702
Stricklandchester, NJ 32888,26038,Mitchell, Wu and Shaw,Transport planner,433-521-5579x08433,tdaniels@example.net,qryan,10.227.23.191,186.244.105.176,Universal mobile help-desk,PeachPuff
Ruben Duffy,6581 Leon Drive
East Karenhaven, RI 91650,90852,Roach, Roberts and Nash,Lighting technician, broadcasting/film/video,+1-453-371-3443,adam98@example.com,michael96,10.140.140.149,68.105.83.80,Total motivating ability,FireBrick
Christopher Stuart,592 Molina Harbors
North Christopher, WV 51879,90782,Curry Group,Press sub,001-589-205-6173x16331,williamsmarcus@example.com,jwoodard,172.16.238.250,98.102.46.179,Fundamental 3rdgeneration Local Area Network,LightGoldenRodYellow
Gary Oconnell,2296 Henderson Corner Apt. 568
New Gina, ME 52634,90434,Duncan, Jordan and Whitaker,Designer, exhibition/display,+1-435-617-6558,catherinekirby@example.com,lisamorris,10.44.245.83,82.154.179.184,Compatible disintermediate extranet,MidnightBlue
Nicole Park,12684 Reynolds Streets
New Lisa, NJ 43911,68359,Carter Inc,Librarian, academic,001-910-744-6564x83106,vowens@example.com,bryanrobyn,172.31.98.208,151.205.22.209,Grass-roots empowering implementation,Salmon
Robert Brown,00022 Johnson Cape Apt. 267
West Jennifer, NJ 29186,07800,Reynolds, Yoder and Richard,Forensic psychologist,590.366.0182x7951,wmcintosh@example.net,donna09,10.64.119.167,213.76.133.188,Centralized client-server access,LavenderBlush
Stephen Colon,411 Miller Islands
West Rodney, MO 61835,59994,Harris-Pierce,Chartered management accountant,+1-385-570-9069x109,steven42@example.com,hjordan,172.17.135.223,128.125.123.24,Innovative 24/7 service-desk,Silver
Jaime Keith,80618 Thompson Burg
Walshburgh, MO 43439,78848,Nichols PLC,Insurance risk surveyor,001-418-634-6096x0858,tyler92@example.net,newtonstephanie,10.157.105.41,181.186.78.156,Multi-layered motivating alliance,LawnGreen
John Schneider,9674 Brandon Harbor
West Danielle, OH 12192,09901,Howe-Perez,Logistics and distribution manager,3176557526,hudsonpaul@example.net,lisa52,172.17.3.119,58.243.108.88,Horizontal real-time capability,SandyBrown
Timothy Collins,48689 Hernandez Vista Apt. 115
South Tammy, MD 07490,52983,Lewis-Christensen,Geochemist,(222)907-5997x326,santanapatty@example.net,lisamiller,172.24.52.48,177.129.52.154,Devolved 6thgeneration migration,Silver
Bianca Singleton,002 Sanchez Vista
Bullockview, KY 55792,20497,Brown, Fox and Ferguson,Scientist, research (maths),336-713-0011,urobinson@example.com,jacksoncatherine,192.168.193.21,29.235.9.80,Advanced attitude-oriented hub,PaleGoldenRod
Roberta Moore,96811 Collins Glens
Marcusberg, GU 96179,50771,Henderson Inc,Chief Operating Officer,001-661-271-3869x4616,lgordon@example.net,ywalker,172.19.44.111,205.213.99.166,Organic methodical matrix,CornflowerBlue
Sara Lopez,80143 Johnny Islands Apt. 260
East Brucehaven, OR 51151,84155,Rice Group,Music therapist,001-844-543-6784,sonyamills@example.net,christopher32,10.229.28.254,156.180.21.135,Right-sized local encoding,Orchid
Patrick Horne,37805 Carrie Hills
Crosshaven, MT 93406,77581,Jensen, Robbins and Reed,Surveyor, insurance,(238)838-4991,jillturner@example.org,katherine37,172.27.218.213,215.143.229.201,Team-oriented directional migration,Black
Lindsay Baker,Unit 3688 Box 8419
DPO AE 54794,24256,Massey-Ward,Surveyor, building,639.999.3944,josejohnson@example.org,xmullins,172.17.159.142,152.240.189.202,Future-proofed zero-defect framework,LightCyan
Paul Kim,968 Samantha Fall
Wilkinschester, IA 52880,60254,Hahn Ltd,Location manager,675.603.4881,moniquefletcher@example.net,jacob15,172.26.20.51,133.18.223.41,Down-sized 3rdgeneration moratorium,MediumSpringGreen
Tammy Murray,Unit 4522 Box 1971
DPO AE 07789,54955,Cross and Sons,Agricultural engineer,(980)932-5843,tanya32@example.org,danieljenkins,10.92.173.18,70.152.33.242,Cross-group homogeneous hardware,Turquoise
Justin Johnson,9447 Hensley Estates
Lake Vanessachester, VI 34058,86862,Williams, Hernandez and Garcia,Fitness centre manager,791-534-4248x766,zmooney@example.com,mhayden,192.168.181.148,139.164.100.156,Horizontal next generation instruction set,DarkSalmon
David Bryant,Unit 3235 Box 4919
DPO AA 85805,27888,Barker-Lewis,Geographical information systems officer,001-533-475-8424x22201,sotoamanda@example.org,ctaylor,172.27.241.25,200.132.47.57,Synchronized eco-centric application,SteelBlue
Paige Kennedy,12303 Carlos Gateway
Port Lorimouth, WY 47967,87930,Carpenter-Perkins,Race relations officer,(811)579-2327x03030,marybates@example.com,mdean,192.168.164.33,103.45.238.106,Right-sized neutral function,Yellow
Shannon Flores,103 Penny Mount Suite 706
Nancyfurt, NC 36555,06881,Ramirez LLC,Production designer, theatre/television/film,+1-514-452-1461x67342,goodmanmatthew@example.com,anna84,10.217.191.11,58.129.168.84,Synergized mobile projection,Coral
Brent Williams,555 Steven Crest
West Erinville, CA 50068,04867,Villarreal, Morris and Andrade,Armed forces technical officer,802-992-0697,hbrown@example.org,isaacharris,10.10.144.255,69.173.57.87,Operative neutral Graphical User Interface,SkyBlue
Matthew Yang,8798 Rebecca Lights
Skinnerland, MI 11263,86419,Reilly-Lee,Training and development officer,877-888-6114x79466,patriciamathis@example.org,obrown,172.24.109.183,22.216.182.103,Distributed web-enabled contingency,MediumTurquoise
Gabriela Smith,254 Laura Groves
Lake Josephville, OK 75558,74436,Cohen-Lowery,Toxicologist,8098506555,edward99@example.org,edwardlopez,172.31.116.233,211.40.28.124,Compatible homogeneous customer loyalty,Gold
